sl,R1,R2,R3,R4,R5,R6,R7,R8,R9,R10,R11,R12,R13,R14,R15,R16,R17,R18,R19,R20,R21,R22,R23,R24,R25,R26,R27,R28,R29,R30,R31,class
1,0,-2,0,0,0,0,5,0,3,0,0,0,-5,5,0,0,0,-3,0,-5,0,0,0,0,2,0,0,0,0,1,1,0
2,0,-1,-1,0,0,0,5,0,3,0,0,0,-5,5,0,0,0,-3,0,-4,-1,0,0,0,2,0,0,0,0,0,0,0
3,0,-1,0,-1,0,0,5,0,3,0,0,0,-5,5,0,0,0,-2,-1,-4,-1,0,0,0,2,0,0,0,0,4,5,0
4,0,1,1,-1,0,0,3,0,3,0,0,0,-5,5,0,0,0,-2,-1,-4,-1,0,0,0,2,0,-1,0,0,6,4,0
5,0,1,1,0,-1,0,3,0,3,-1,0,0,-5,5,0,0,0,-2,-1,-4,-1,0,0,0,2,0,0,0,0,3,4,0
6,0,1,1,1,1,0,2,0,2,-1,0,0,-5,5,0,0,0,-2,-1,-4,-1,0,0,0,2,0,-1,0,0,3,6,0
7,0,1,1,0,1,0,2,0,2,-2,0,0,-5,5,0,0,0,-2,-1,-4,-1,0,0,0,2,1,0,0,0,2,3,0
8,0,1,1,0,1,0,2,0,2,-2,0,0,-5,5,0,0,0,-2,-1,-4,1,0,0,0,2,0,-1,0,0,3,2,0
9,0,1,1,-1,1,0,2,0,2,-2,0,0,-5,5,0,0,0,-2,0,-4,-1,0,0,0,2,1,0,0,0,1,6,0
10,0,1,2,-1,1,0,2,0,1,-2,0,0,-5,5,0,0,0,-2,0,-4,-1,0,0,0,3,0,0,0,0,3,3,0
11,0,1,2,-1,1,0,2,0,1,-2,0,0,-4,5,0,-1,0,-2,0,-3,-1,0,-1,0,3,0,0,0,0,0,0,0
12,0,1,2,-1,1,0,2,0,1,-2,0,0,-4,5,0,0,0,-2,-1,-2,-1,0,-2,0,3,0,0,0,0,1,6,0
13,0,2,1,-1,1,0,2,1,1,-2,0,0,-4,4,0,0,0,-2,-1,-2,-1,0,-2,0,3,0,0,0,0,4,3,0
14,0,2,1,-1,1,0,2,1,1,-1,0,0,-5,4,0,0,0,-1,-1,-2,-1,-1,-2,0,3,0,0,0,0,3,4,0
15,0,2,1,-1,1,0,2,1,1,-1,0,0,-5,4,0,0,0,1,-1,-2,0,-1,-2,0,2,0,-2,0,0,1,4,0
16,0,2,1,-1,-1,0,2,1,1,-1,0,0,-5,4,0,0,0,1,-1,-2,0,-1,-2,0,2,1,-1,0,0,4,2,0
17,0,2,1,1,-1,0,2,0,1,-1,0,0,-5,4,0,0,0,1,-1,-2,0,-1,-2,1,2,0,-2,0,0,1,2,0
18,0,2,-1,1,-1,0,2,0,1,-1,0,0,-5,4,0,0,0,1,-1,-2,0,-1,-2,1,2,1,-1,0,0,3,6,0
19,0,2,-1,1,-1,0,2,0,1,-1,0,0,-5,4,0,0,0,1,-1,-2,0,-1,-2,1,2,1,-1,0,0,4,6,0
20,0,2,-1,1,-2,0,2,0,1,-1,0,0,-4,4,0,0,0,1,-2,-2,0,-1,-2,1,2,1,0,0,0,1,2,0
21,0,2,-1,1,-2,0,2,0,1,-1,0,0,-4,4,0,0,0,1,-2,-2,0,1,-2,0,3,0,-1,0,0,1,4,0
22,0,2,-1,1,-3,0,2,0,1,-1,0,0,-4,4,0,0,0,1,-2,-2,0,1,-1,-1,3,0,0,0,0,2,2,0
23,0,2,-1,1,-3,0,2,0,1,-1,0,1,-4,3,0,0,0,1,-2,-2,0,1,1,-1,2,0,-1,0,0,0,0,0
24,0,2,-1,1,-3,0,2,0,1,-1,0,1,-4,3,0,1,0,0,-2,-2,1,1,0,-1,2,0,-1,0,0,2,1,0
25,0,2,-2,1,-3,0,2,0,1,-1,0,1,-4,3,0,1,0,0,-2,-1,-1,1,0,-1,2,1,0,0,0,6,6,0
26,0,2,-2,1,-3,0,2,1,1,-1,0,1,-4,2,0,1,0,0,-2,1,-1,1,0,-1,2,0,-1,0,0,0,0,0
27,0,3,-2,1,-3,0,2,0,1,-1,0,1,-4,3,0,1,0,0,-2,0,-1,1,0,-1,2,0,-1,0,0,6,6,0
28,0,3,-2,1,-3,0,2,0,1,-1,0,1,-4,3,0,1,0,0,-2,0,-1,1,0,-1,2,0,-1,0,0,0,0,0
29,0,3,-2,1,-3,0,2,0,1,-1,0,1,-4,3,0,1,0,0,-2,0,-1,1,0,-1,2,0,-1,0,0,3,2,0
30,0,3,-2,2,-3,0,1,0,1,-1,0,2,-4,2,0,1,0,0,-2,0,-1,1,0,-1,2,0,-1,0,0,6,5,0
31,0,3,-2,2,-3,0,-1,0,1,-1,0,2,-3,2,0,1,0,-1,-2,0,-1,1,0,-1,2,1,0,0,0,4,1,0
32,0,3,-2,2,-3,0,-1,1,0,-1,0,2,-3,2,0,1,0,-1,-2,0,-1,2,0,-1,2,0,0,0,0,2,1,0
33,0,3,-2,2,-3,0,-1,1,0,-1,0,2,-2,2,-1,1,0,-1,-1,-1,-1,2,0,-1,2,0,0,0,0,5,3,0
34,0,3,-2,2,-3,0,-1,1,0,-1,1,2,-2,1,-1,1,0,-1,-1,1,-1,2,0,-1,1,0,-1,0,0,2,6,0
35,0,3,-3,2,-3,0,0,1,0,-1,1,2,-3,1,-1,1,0,-1,-1,1,-1,2,0,-1,1,0,0,0,0,5,1,0
36,0,3,-3,2,-3,0,0,1,0,-1,1,2,-3,1,2,0,0,-1,-1,0,-1,2,0,-1,1,0,-1,0,0,4,6,0
37,0,3,-3,2,-3,0,0,1,0,-1,-1,2,-3,1,2,0,0,-1,-1,0,-1,2,0,-1,1,1,0,0,0,3,5,0
38,0,3,-3,2,-3,0,0,1,1,-1,-1,1,-3,1,2,0,0,-1,-1,0,1,2,0,-1,1,0,-1,0,0,2,3,0
39,0,3,-4,2,-2,0,0,-1,1,-1,-1,1,-3,1,2,0,0,-1,-1,0,1,2,0,-1,1,1,0,0,0,4,3,0
40,0,3,-4,2,-2,0,0,1,1,-1,-1,0,-3,1,2,0,0,-1,-1,0,1,2,1,-1,1,0,-1,0,0,4,6,0
41,0,3,-4,2,-2,0,-1,1,1,0,-1,0,-3,-1,2,0,0,-1,-1,0,1,2,1,-1,1,1,0,0,0,5,5,0
42,0,3,-4,2,-2,0,-1,1,1,1,-1,0,-3,-1,1,0,0,-1,-1,0,2,2,1,-1,1,0,0,0,0,0,0,0
43,0,3,-4,2,-2,0,-1,1,1,1,-1,0,-3,-1,1,0,2,-1,-1,0,2,0,1,-1,1,0,0,0,0,4,1,0
44,0,3,-4,2,-2,0,-1,1,1,1,0,0,-2,-2,-1,0,2,-1,-1,0,2,0,1,-1,1,1,0,0,0,6,2,0
45,0,3,-4,2,-2,0,-1,1,1,1,0,0,-2,-2,1,0,1,-1,-1,1,2,0,1,-1,1,0,-1,0,0,3,5,0
46,0,3,-4,2,-2,-1,-1,1,1,1,0,0,-2,-1,1,0,-1,-1,-1,1,2,0,1,-1,1,1,0,0,0,2,6,0
47,0,3,-4,2,-2,-1,-1,1,1,1,0,0,-2,-1,1,0,-1,1,-1,1,2,0,1,0,1,0,-2,0,0,5,4,0
48,0,3,-4,2,-3,-2,-1,1,1,1,0,0,-2,-1,1,0,-1,1,-1,1,2,0,1,0,1,0,0,0,0,3,4,0
49,0,3,-4,2,-3,-2,-1,1,1,1,0,0,-2,1,1,0,1,0,-1,0,2,0,1,0,1,0,-2,0,0,5,3,0
50,0,3,-4,2,-3,-3,-1,1,1,1,0,0,-2,1,1,0,1,0,-1,0,2,0,1,0,1,0,-1,0,0,2,1,0
51,0,3,-4,2,-3,-3,1,0,1,1,0,0,-2,1,1,0,1,0,-1,0,3,0,0,0,1,0,-2,0,0,4,3,0
52,0,3,-4,2,-4,-3,1,0,1,1,0,0,-2,1,1,0,1,0,-1,0,3,0,0,0,1,0,-1,0,0,6,3,0
53,0,3,-4,2,-4,-3,1,1,1,1,0,0,-2,0,1,0,1,1,-1,0,2,0,0,0,1,0,-1,0,0,5,3,0
54,0,3,-4,2,-4,-4,1,1,1,1,0,0,-2,0,1,0,1,1,0,0,2,-1,0,0,1,0,0,0,0,5,2,0
55,0,4,-4,1,-4,-4,1,1,1,1,0,0,-2,0,1,0,1,1,0,1,2,-1,0,0,0,0,0,0,0,3,6,0
56,0,4,-4,1,-3,-3,1,-1,1,1,0,-1,-2,0,1,0,1,1,0,1,2,-1,0,0,0,1,0,0,0,6,6,0
57,0,4,-4,1,-3,-3,1,-1,1,1,1,-1,-2,0,1,0,0,1,0,2,2,-1,0,0,0,0,0,0,0,0,0,0
58,0,4,-4,2,-3,-3,1,-1,1,0,1,-1,-2,1,1,0,0,1,0,1,2,-1,0,0,0,0,0,0,0,2,1,0
59,0,4,-3,2,-4,-3,1,-1,1,0,1,0,-3,1,1,0,0,1,0,1,2,-1,0,0,0,0,0,0,0,3,6,0
60,0,4,-3,2,-4,-3,1,-1,2,0,1,0,-3,1,1,0,0,0,0,1,2,-1,0,0,0,0,0,0,0,1,1,0
61,0,4,-3,2,-4,-2,-1,-1,2,0,1,0,-3,1,1,0,0,0,0,1,2,0,-1,0,0,1,0,0,0,0,0,0
62,0,4,-3,2,-4,-1,-1,-2,2,0,1,0,-3,1,1,0,0,0,0,1,2,0,-1,0,0,1,0,0,0,5,6,0
63,0,4,-3,3,-4,-1,-1,-2,1,0,1,0,-3,1,1,0,0,0,0,2,2,0,-1,0,0,0,0,0,0,3,1,0
64,0,4,-2,3,-3,-3,-1,-2,1,0,1,0,-3,1,1,0,0,0,0,2,2,0,-1,0,0,0,0,0,0,6,1,0
65,0,4,-2,4,-3,-3,-1,-2,1,0,0,0,-3,1,1,0,0,0,0,2,2,0,-1,0,0,0,0,0,0,1,6,0
66,0,4,-2,4,-2,-4,0,-2,1,0,0,0,-4,1,1,0,0,0,0,2,2,0,-1,0,0,0,0,0,0,6,2,0
67,0,4,-2,4,-2,-4,0,-2,1,0,0,1,-4,1,1,0,0,0,0,1,2,0,-1,0,0,0,0,0,0,4,5,0
68,0,4,-2,4,-2,-4,0,-2,1,0,0,1,-3,1,1,0,0,0,0,1,2,-1,-1,0,0,0,0,0,0,1,3,0
69,0,4,-2,4,-2,-4,0,-2,1,0,2,0,-3,0,1,0,0,0,0,1,2,-1,-1,0,0,0,0,0,0,5,5,0
70,0,4,-2,4,-1,-4,0,-2,1,0,2,0,-3,0,-1,0,0,0,0,1,2,-1,-1,0,0,1,0,0,0,0,0,0
71,0,4,-2,4,0,-4,0,-2,1,0,2,0,-3,0,-2,0,0,0,0,1,2,-1,-1,0,0,1,0,0,0,6,1,0
72,0,4,-2,4,0,-4,0,-2,1,1,1,0,-3,0,-2,0,0,0,0,2,2,-1,-1,0,0,0,0,0,0,2,6,0
73,0,4,-1,4,-1,-4,0,-2,1,1,1,0,-2,0,-2,0,0,0,-1,2,2,-1,-1,0,0,0,0,0,0,2,1,0
74,0,4,-1,4,-1,-4,1,-2,0,2,0,0,-2,0,-2,0,0,0,-1,2,2,-1,-1,0,0,0,0,0,0,6,4,0
75,0,4,0,4,-1,-4,1,-2,-1,2,0,0,-1,0,-2,0,-1,0,-1,2,2,-1,-1,0,0,0,0,0,0,6,6,0
76,0,4,0,6,-1,-4,1,-2,-1,0,0,0,-1,0,-2,0,-1,0,-1,2,2,-1,-1,0,0,0,0,0,0,0,0,0
77,0,4,0,6,-1,-4,1,-2,-1,0,0,0,-1,2,-2,0,-1,0,-1,0,2,-1,-1,0,0,0,0,0,0,6,6,0
78,0,4,0,6,0,-4,1,-2,-1,0,-1,0,-1,2,-2,0,0,0,-1,0,2,-1,-2,0,0,0,0,0,0,0,0,0
79,0,4,0,6,0,-4,1,-2,0,0,-1,0,-1,2,-3,0,0,0,0,0,2,-1,-2,0,-1,0,0,0,0,3,3,0
80,0,4,0,6,0,-4,1,-2,0,0,-1,0,-1,2,-3,0,0,2,0,0,0,-1,-2,0,-1,0,0,0,0,0,0,0
81,0,4,0,6,0,-4,1,-2,0,0,2,0,-1,0,-3,0,0,2,0,0,0,-1,-2,0,-1,0,-1,0,0,5,1,0
82,0,4,0,6,0,-4,-1,-2,0,0,2,0,-1,0,-3,0,0,2,0,0,0,-1,-2,0,-1,1,0,0,0,1,1,0
83,0,4,1,5,0,-4,-1,-2,0,0,2,0,-1,0,-3,0,0,2,0,0,0,-1,-2,0,1,0,-1,0,0,0,0,0
84,0,4,2,4,0,-4,-1,-2,0,0,2,0,-1,0,-3,0,0,2,0,0,0,-1,-2,1,0,0,-1,0,0,6,2,0
85,0,4,2,4,0,-4,-1,-2,-1,0,2,0,-1,0,-3,0,0,2,0,0,0,-1,-2,1,0,0,0,0,0,3,6,0
86,0,4,2,4,0,-4,-1,-2,-1,0,2,1,-1,0,-3,0,0,1,0,0,1,-1,-2,0,0,0,0,0,0,2,6,0
87,0,4,2,4,0,-3,-1,-2,-1,0,2,-1,-1,0,-3,0,0,1,0,0,1,0,-2,-1,0,1,0,0,0,1,2,0
88,0,4,2,4,0,-3,-1,-2,-1,1,1,-1,-1,0,-3,0,0,1,0,0,1,0,-2,1,0,0,-1,0,0,2,3,0
89,0,4,2,4,0,-3,-1,-2,-1,1,1,-1,-1,0,-3,0,0,1,0,0,1,0,-2,1,0,0,-1,0,0,5,5,0
90,0,4,2,4,1,-3,-1,-2,-1,0,1,-1,1,0,-3,0,0,0,0,0,1,0,-2,1,0,0,-2,0,0,0,0,0
91,0,4,2,4,1,-3,-1,-2,-1,0,1,-1,1,1,-3,0,0,0,0,0,1,0,-2,0,0,0,-2,0,0,3,5,0
92,0,4,2,4,1,-4,-1,-2,-1,0,1,-1,1,1,-3,0,0,0,0,0,1,0,-2,0,0,0,-1,0,0,6,2,0
93,0,4,2,4,1,-4,1,-2,-1,0,1,1,0,0,-3,0,0,0,0,0,1,0,-2,0,0,0,-3,0,0,4,3,0
94,0,4,2,4,-1,-4,1,-2,-1,0,1,1,0,0,-3,0,0,0,0,0,1,0,-2,0,0,1,-2,0,0,6,1,0
95,0,4,2,4,-1,-4,1,-2,-1,0,1,1,0,0,-3,0,0,0,1,0,1,0,-2,0,0,0,-2,0,0,6,4,0
96,0,4,2,4,-2,-4,-1,-2,-1,0,1,1,0,0,-3,0,0,0,1,0,1,0,-2,0,0,1,0,0,0,5,4,0
97,0,4,2,4,-2,-4,-1,-2,-1,0,1,1,0,1,-3,0,0,0,0,0,1,1,-2,0,0,0,0,0,0,4,1,0
98,0,4,2,4,-2,-4,-1,-2,0,0,1,1,-1,1,-3,0,0,0,0,0,1,1,-1,-1,0,0,0,0,0,1,5,0
99,0,4,3,3,-2,-4,-1,-2,0,0,1,1,-1,1,-3,1,0,0,0,0,0,1,-1,-1,0,0,0,0,0,2,2,0
100,0,4,3,3,-2,-4,-1,-1,0,0,1,-1,-1,1,-3,1,0,0,0,0,0,1,-1,-1,0,1,0,0,0,0,0,0
101,0,4,3,3,-2,-3,0,-2,-1,0,1,-1,-1,1,-3,1,0,0,0,0,0,1,-1,-1,0,1,0,0,0,2,6,0
102,0,4,3,3,-2,-3,0,-2,1,0,0,-1,-1,1,-3,1,0,0,0,1,0,1,-1,-1,0,0,-1,0,0,4,4,0
103,0,4,3,3,-3,-2,0,-2,1,-1,0,-1,-1,1,-3,1,0,0,0,1,0,1,-1,-1,0,0,0,0,0,0,0,0
104,0,4,3,3,-1,-2,0,-2,-2,-1,0,-1,-1,1,-3,1,0,0,0,1,0,1,-1,-1,0,1,0,0,0,3,3,0
105,0,4,3,3,-1,-2,0,-2,-2,-1,0,-1,-1,1,-3,1,0,0,1,1,0,0,1,-1,0,0,-1,0,0,0,0,0
106,0,4,3,3,-1,-2,0,-2,-2,-1,0,-1,-1,1,-3,2,0,0,0,2,0,0,0,-1,0,0,-1,0,0,5,2,0
107,0,4,3,3,0,-3,-1,-2,-2,-1,0,-1,-1,1,-3,2,0,0,0,2,0,0,0,-1,0,0,0,0,0,5,4,0
108,0,4,3,3,0,-3,-1,-2,-2,-1,1,1,-1,1,-3,0,0,0,0,2,0,0,0,-1,0,0,-1,0,0,2,3,0
109,0,4,3,3,0,-3,-1,-2,-2,-1,1,1,-1,1,-3,0,0,0,0,2,0,0,0,-1,0,0,-1,0,0,4,5,0
110,0,4,3,3,0,-3,1,-2,-2,1,1,0,-1,0,-3,0,0,0,0,2,0,0,0,-1,0,0,-3,0,0,5,1,0
111,0,4,3,3,0,-4,1,-2,-2,1,1,0,-1,0,-3,0,0,0,0,2,0,0,0,-1,0,0,-2,0,0,6,4,0
112,0,4,3,3,0,-4,2,-2,-2,1,0,0,-1,1,-3,0,0,0,0,1,0,0,0,-1,0,0,-2,0,0,1,1,0
113,0,4,3,3,0,-4,2,-2,-2,1,0,0,-1,1,-3,0,0,0,0,1,0,0,0,-1,0,0,-2,0,0,0,0,0
114,0,4,3,3,0,-4,2,-2,-2,1,0,0,-1,1,-3,0,0,0,0,1,0,0,0,-1,0,0,-2,0,0,6,3,0
115,0,4,3,4,0,-4,1,-2,-2,1,0,0,-1,2,-3,0,0,0,0,0,0,0,0,-1,0,0,-2,0,0,3,1,0
116,0,4,3,4,0,-4,1,-2,-2,1,0,0,-1,2,-3,0,0,0,0,0,0,0,0,-1,0,0,-2,0,0,5,1,0
117,0,5,4,3,0,-4,0,-2,-2,1,0,0,-1,2,-3,0,0,0,0,0,0,0,0,-1,0,0,-2,0,0,1,6,0
118,0,5,4,3,0,-4,-1,-2,-2,1,0,0,-1,2,-3,0,0,0,0,0,0,0,0,-1,0,0,-1,0,0,1,6,0
119,0,5,5,3,0,-4,-1,-2,-2,0,0,0,-1,2,-3,0,0,0,0,0,0,0,0,-1,0,0,-1,0,0,4,3,0
120,0,5,5,3,-1,-4,-1,-1,-2,0,-1,0,-1,2,-3,0,0,0,0,0,0,0,0,-1,0,0,0,0,0,6,1,0
121,0,5,6,2,-1,-4,-1,1,-2,0,-1,0,-1,1,-3,0,0,0,0,0,0,0,0,-1,0,0,-1,0,0,1,5,0
122,0,5,6,2,-1,-5,-1,1,-2,0,-1,0,-1,1,-2,-1,0,0,0,0,0,0,0,-1,0,0,0,0,0,1,6,0
123,0,5,6,2,-1,-5,1,1,-2,0,-1,0,0,0,-2,-1,0,0,0,0,0,0,0,-1,0,0,-2,0,0,5,6,0
124,0,5,6,2,-1,-6,-1,1,-2,0,-1,0,0,0,-2,-1,0,0,0,0,0,0,0,-1,0,1,0,0,0,6,6,0
125,0,5,6,2,-1,-6,-1,1,-2,0,-1,0,0,1,-2,-1,0,0,0,0,0,0,0,-1,0,0,0,0,0,0,0,0
126,0,6,6,2,-1,-6,-1,1,-2,0,-1,0,0,0,-2,-1,0,0,0,0,0,0,0,-1,0,0,0,0,0,1,4,0
127,0,6,6,2,-1,-6,-1,1,-2,0,0,-1,0,0,-1,-1,0,0,-1,0,0,0,0,-1,0,0,0,0,0,3,1,0
128,0,5,6,2,1,-6,-1,0,-2,0,0,-1,0,0,-1,-1,0,0,-1,0,0,0,0,-1,0,0,-1,1,0,3,3,0
129,0,5,6,2,1,-6,-1,0,-2,0,0,-1,0,0,-1,-1,0,0,-1,0,0,0,0,-1,0,0,-1,1,0,0,0,0
130,0,5,6,2,1,-6,-1,0,-2,0,0,-1,0,0,-1,-1,0,0,-1,0,0,0,0,-1,0,0,-1,1,0,6,1,0
131,0,5,6,2,0,-6,-1,0,-2,0,0,-1,0,0,-1,-1,0,0,-1,0,0,0,0,-1,0,0,-1,2,0,4,3,0
132,0,5,6,2,-1,-6,-1,0,-2,0,0,-1,0,0,-1,0,0,0,-2,0,0,0,0,-1,0,0,0,2,0,4,4,0
133,0,5,6,0,-1,-6,-1,0,-2,0,0,-1,0,0,-1,0,0,0,-2,0,0,0,0,-1,0,0,0,4,0,0,0,0
134,0,5,4,0,-1,-6,-1,0,-2,0,0,-1,0,0,-1,0,0,0,-2,0,0,0,0,-1,0,0,0,6,0,6,4,0
135,0,5,4,0,-1,-6,0,0,-2,0,0,0,-1,0,-1,-1,0,0,-2,0,0,0,0,-1,0,0,0,6,0,3,4,0
136,0,5,2,0,-1,-6,0,0,-2,0,0,0,-1,0,-1,-1,0,0,-2,0,0,0,0,-1,0,0,0,8,0,5,5,0
137,0,5,2,0,0,-6,0,0,-2,-1,0,0,0,0,-1,-1,0,-1,-2,0,0,0,0,-1,0,0,0,8,0,0,0,0
138,0,5,2,0,0,-6,0,0,-2,-1,0,0,0,0,0,0,0,-1,-2,-1,-1,0,0,-1,0,0,0,8,0,5,5,0
139,0,5,0,0,0,-6,0,0,-2,-1,0,0,0,0,0,0,0,-1,-2,-1,-1,0,0,-1,0,0,0,10,0,0,0,0
140,0,3,0,0,0,-6,0,0,-2,-1,0,0,0,0,0,0,0,-1,-2,-1,-1,0,0,-1,0,0,0,12,0,2,2,0
141,0,3,0,0,0,-6,0,0,-1,-1,-1,0,0,0,0,0,0,-1,-1,-1,-2,0,0,-1,0,0,0,12,0,0,0,0
142,0,3,0,0,0,-5,0,-1,-1,-1,0,0,-1,0,0,0,0,-1,-1,-1,-2,0,0,-1,0,0,0,12,0,1,1,0
143,0,1,0,0,0,-5,0,-1,-1,-1,0,0,-1,0,0,0,0,-1,-1,-1,-2,0,0,-1,0,0,0,14,0,0,0,0
144,0,0,0,0,0,-5,0,-1,-1,-1,0,0,-1,0,0,0,0,-1,-1,-1,-2,0,0,-1,0,0,0,15,0,0,0,0
145,0,-2,0,0,0,0,5,0,3,0,0,0,-5,5,0,0,0,-3,0,-5,0,0,0,0,2,0,0,0,0,4,5,1
146,0,-2,0,0,0,0,5,0,3,0,0,0,-3,5,0,0,-1,-4,0,-5,0,0,0,0,2,0,0,0,0,6,4,1
147,0,-2,1,0,0,0,5,0,2,1,0,0,-3,4,0,0,-1,-4,0,-5,0,0,0,0,2,0,0,0,0,4,6,1
148,0,-1,1,0,0,0,5,-1,2,1,0,0,-2,4,0,0,-2,-4,0,-5,0,0,0,0,2,0,0,0,0,5,2,1
149,0,-1,1,1,0,0,5,-1,1,1,0,0,-2,4,0,0,-2,-4,0,-5,0,0,1,0,1,0,0,0,0,5,6,1
150,0,0,1,1,0,0,5,-2,1,1,0,0,-2,4,0,0,-2,-4,0,-4,0,0,1,0,-1,1,0,0,0,4,3,1
151,0,0,1,1,0,0,6,-2,1,0,0,0,-2,4,0,0,-2,-4,0,-4,0,1,1,0,-1,0,0,0,0,2,3,1
152,0,0,1,1,0,0,6,-2,1,0,0,0,-2,4,0,0,-2,-4,0,-3,0,0,1,0,-2,1,0,0,0,3,4,1
153,0,0,1,1,0,0,6,-2,1,1,0,0,-2,3,0,0,-2,-4, ,0,-3,0,0,2,0,-2,0,0,0,2,2,1
154,0,0,1,1,0,0,6,-1,1,-1,0,0,-2,3,0,0,-2,-3,0,-4,0,0,2,0,-2,1,0,0,0,0,0,1
155,0,0,1,1,0,0,6,0,1,-2,0,0,-2,3,0,0,-1,-3,-1,-4,0,0,2,0,-2,1,0,0,0,1,4,1
156,0,0,1,1,0,1,5,0,1,-2,0,0,-2,3,0,0,-1,-3,-1,-4,0,1,2,0,-2,0,0,0,0,6,3,1
157,0,0,1,1,0,1,5,0,1,-2,0,0,-2,3,0,0,0,-3,0,-5,0,1,2,0,-3,0,0,0,0,5,6,1
158,0,0,1,1,0,1,5,0,1,-2,0,0,-2,3,0,0,2,-3,0,-5,0,0,1,0,-3,0,0,0,0,1,5,1
159,0,0,1,1,0,1,5,0,1,0,-1,0,-2,3,-1,0,2,-3,0,-5,0,0,1,0,-3,0,0,0,0,3,2,1
160,0,0,1,2,0,0,5,0,1,0,1,0,-2,2,-1,0,2,-3,0,-5,0,0,1,0,-3,0,-1,0,0,6,4,1
161,0,0,1,2,0,0,5,0,1,0,-1,0,-2,2,-1,0,2,-3,0,-5,0,0,1,0,-3,1,0,0,0,6,4,1
162,0,0,1,2,0,0,5,1,1,0,-1,0,-2,1,-1,0,2,-3,  ,0,-5,0,1,1,0,-3,0,0,0,4,1,1
163,0,0,1,2,0,0,5,1,1,0,-1,0,-2,1,-1,0,2,-3, ,0,-4,0,1,1,0,-4,0,0,0,3,6,1
164,0,0,1,2,0,1,5,1,0,0,-1,0,-2,1,-1,0,3,-3,0,-4,0,1,0,0,-4,0,0,0,0,5,5,1
165,0,0,1,2,0,1,5,1,0,0,0,0,-2,1,-1,-1,3,-3,  ,0,-3,0,1,0,0,-5,0,0,0,0,0,1
166,0,0,1,2,0,1,5,1,0,0,0,0,-1,1,-1,0,3,-4,0,-3,-1,1,0,0,-5,0,0,0,0,4,4,1
167,0,1,1,2,0,0,5,1,0,0,0,0,1,1,-1,0,2,-4,0,-3,-1,1,0,0,-5,0,-1,0,0,0,0,1
168,0,1,2,2,0,0,4,1,0,1,0,0,1,0,-1,0,2,-4,0,-3,-1,1,0,0,-5,0,-1,0,0,4,1,1
169,0,1,2,2,-1,0,4,1,0,1,0,0,1,0,-1,0,2,-4,0,-3,0,-1,0,0,-5,1,0,0,0,6,4,1
170,0,1,2,2,-1,0,4,1,0,1,1,0,1,0,-1,0,1,-4,0,-3,0,1,0,0,-5,0,-1,0,0,2,2,1
171,0,1,2,2,-1,0,4,1,0,1,1,0,1,0,-1,0,1,-4,0,-3,0,1,0,0,-5,0,-1,0,0,0,0,1
172,0,1,2,2,-1,0,4,1,0,1,1,0,1,0,-1,0,1,-4,0,-3,0,1,0,0,-5,0,-1,0,0,6,4,1
173,0,1,2,2,1,0,4,1,0,1,0,0,2,0,-1,0,0,-4,0,-3,0,1,0,0,-5,0,-2,0,0,1,4,1
174,0,-1,2,2,-1,0,4,1,0,1,0,0,2,0,-1,0,0,-4,0,-3,0,1,0,0,-5,2,0,0,0,3,3,1
175,0,-1,2,2,-1,0,4,1,0,1,0,0,2,0,-1,0,0,-4,0,-3,0,1,2,0,-5,0,0,0,0,0,0,1
176,0,1,2,2,0,0,4,0,0,1,0,0,2,0,-1,0,0,-4,0,-3,0,1,2,0,-5,0,-2,0,0,6,6,1
177,0,1,2,2,0,0,4,0,0,1,0,0,2,0,-1,0,0,-4,0,-3,0,1,2,0,-5,0,-2,0,0,0,0,1
178,0,1,2,2,0,0,4,0,0,1,0,0,2,0,-1,0,0,-4,0,-3,0,1,2,0,-5,0,-2,0,0,4,5,1
179,0,1,2,2,0,1,4,0,0,0,0,0,2,0,-1,0,1,-4,0,-3,0,0,2,0,-5,0,-2,0,0,5,6,1
180,0,1,2,2,0,-1,4,0,0,0,0,0,2,0,-1,0,1,-4,0,-3,0,0,2,0,-5,1,-1,0,0,3,3,1
181,0,1,2,2,0,-1,4,0,0,0,0,0,2,1,-1,0,0,-4,0,-3,0,0,3,0,-5,0,-1,0,0,0,0,1
182,0,1,2,3,0,-1,3,0,0,0,1,0,2,0,-1,0,0,-4,0,-3,0,0,3,0,-5,0,-1,0,0,1,1,1
183,0,-1,2,3,0,-1,3,0,0,0,1,0,2,0,-1,0,0,-3,-1,-3,0,0,3,0,-5,1,0,0,0,0,0,1
184,0,-1,2,3,0,-1,3,0,0,0,1,0,2,0,-1,0,0,-1,-3,-3,0,0,3,0,-5,1,0,0,0,1,5,1
185,0,-1,2,3,0,-1,3,0,0,0,1,0,2,0,-1,0,0,-1,-3,-3,1,1,2,0,-5,0,0,0,0,6,1,1
186,0,-1,2,3,0,-1,3,0,0,0,1,0,2,0,-1,0,0,-1,-2,-2,-1,1,2,0,-6,1,0,0,0,2,3,1
187,0,-1,2,3,0,-1,3,0,0,0,1,0,2,0,-1,0,0,-1,-2,-2,1,1,2,0,-6,0,-1,0,0,6,6,1
188,0,-1,2,3,0,-1,3,0,0,0,1,0,2,0,-1,0,0,-1,-2,-2,1,1,2,0,-6,0,-1,0,0,0,0,1
189,0,-1,2,3,0,-1,3,0,0,0,1,0,2,0,-1,0,0,-1,-2,-2,1,1,2,0,-6,0,-1,0,0,6,1,1
190,0,-1,3,2,0,-1,3,0,0,0,1,0,2,0,-1,1,0,-1,-2,-2,1,0,2,0,-6,0,-1,0,0,2,3,1
191,0,-1,3,2,0,-1,3,0,0,0,1,0,2,0,-1,1,0,-1,-2,-2,1,0,2,0,-6,0,-1,0,0,2,4,1
192,0,1,3,1,0,-1,3,0,0,0,1,1,2,0,-1,0,0,-1,-2,-2,1,0,2,0,-6,0,-2,0,0,3,2,1
193,0,1,3,-1,0,-1,3,0,0,0,1,1,2,0,-1,0,0,-1,-2,-2,1,0,2,0,-6,1,-1,0,0,1,6,1
194,0,1,3,-1,0,-1,3,0,0,0,1,1,2,0,-1,0,0,-1,-2,-2,1,0,2,0,-6,1,-1,0,0,2,6,1
195,0,1,3,-1,0,-1,3,0,0,0,1,1,2,0,-1,0,0,-1,-2,-2,1,0,2,0,-6,1,-1,0,0,1,5,1
196,0,2,2,-1,0,-1,3,0,0,0,1,1,2,0,-1,0,0,-1,-2,-2,2,0,2,0,-6,0,-1,0,0,4,5,1
197,0,2,2,-1,0,-2,3,0,0,0,1,1,2,0,-1,0,0,0,-2,-2,2,-1,2,0,-6,0,0,0,0,4,5,1
198,0,2,2,-1,0,-2,3,1,0,0,1,0,2,0,-1,1,0,0,-2,-2,1,-1,2,0,-6,0,0,0,0,3,4,1
199,0,2,2,-1,0,-2,3,1,0,0,1,0,2,0,0,1,0,0,-3,-2,1,0,2,0,-7,0,0,0,0,4,4,1
200,0,2,2,-1,0,-2,3,1,0,0,1,1,2,0,0,0,1,0,-3,-2,0,0,2,0,-7,0,0,0,0,0,0,1
201,0,2,2,-1,0,-2,3,2,1,0,1,0,1,0,0,0,1,0,-3,-2,0,0,2,0,-7,0,0,0,0,4,5,1
202,0,2,2,0,0,-1,3,2,-1,-1,1,0,1,0,0,0,1,0,-3,-2,0,0,2,0,-7,1,0,0,0,1,2,1
203,0,2,2,0,0,-1,3,2,-1,1,0,0,1,0,0,0,1,0,-3,-2,0,0,2,1,-7,0,-1,0,0,2,3,1
204,0,2,2,-1,0,-1,3,2,-1,1,0,0,1,0,0,0,1,0,-3,-1,0,-1,2,1,-7,0,0,0,0,2,2,1
205,0,2,2,-1,0,-1,3,2,-1,1,1,0,0,0,0,0,1,0,-3,-1,0,1,2,0,-7,0,-1,0,0,0,0,1
206,0,2,2,-1,0,1,3,1,-1,1,1,0,0,0,0,0,1,0,-3,-1,1,1,1,0,-7,0,-2,0,0,5,4,1
207,0,2,2,-1,-1,-1,3,1,-1,1,1,0,0,0,0,0,1,0,-3,-1,1,1,1,0,-7,1,0,0,0,3,5,1
208,0,2,2,-1,1,-1,3,0,-1,1,1,0,0,0,0,0,1,0,-3,-1,2,1,1,0,-7,0,-1,0,0,2,1,1
209,0,2,2,-1,1,-1,3,0,-1,1,1,0,0,0,0,0,1,0,-3,-1,2,1,1,0,-7,0,-1,0,0,6,2,1
210,0,2,2,-1,1,-1,3,0,1,1,0,0,0,0,1,0,1,0,-3,-1,1,1,1,0,-7,0,-2,0,0,4,2,1
211,0,2,2,-1,-1,-1,3,0,1,1,0,0,0,0,1,0,1,0,-3,-1,1,1,1,0,-7,1,-1,0,0,6,4,1
212,0,2,2,-1,1,-1,3,0,0,1,0,0,0,0,1,0,1,0,-3,1,1,1,1,0,-7,0,-3,0,0,2,1,1
213,0,2,2,-1,1,-1,3,0,0,1,0,0,0,0,1,0,1,0,-3,1,1,1,1,0,-7,0,-3,0,0,1,5,1
214,0,3,2,-1,1,1,1,0,0,1,0,0,0,0,1,0,1,0,-3,1,1,1,1,0,-7,0,-4,0,0,3,2,1
215,0,3,2,-2,1,1,1,0,0,1,0,0,0,0,1,0,1,0,-3,1,1,1,1,0,-7,0,-3,0,0,4,6,1
216,0,3,3,-2,1,1,0,0,1,1,0,0,0,0,0,0,1,0,-3,1,1,1,1,0,-7,0,-3,0,0,4,1,1
217,0,3,3,-2,-1,1,0,0,1,1,0,0,0,0,0,0,1,0,-3,1,1,1,1,0,-7,1,-2,0,0,5,3,1
218,0,3,3,-2,-1,1,0,0,1,1,0,1,0,0,0,0,0,0,-3,1,1,1,2,0,-7,0,-2,0,0,3,5,1
219,0,3,3,-3,-1,-1,0,0,1,1,0,1,0,0,0,0,0,0,-3,1,1,1,2,0,-7,1,0,0,0,3,4,1
220,0,3,3,-3,-1,-1,0,0,1,1,0,1,0,0,0,0,0,1,-3,1,1,0,3,0,-7,0,0,0,0,1,4,1
221,0,3,3,-2,-2,0,0,0,1,-1,0,1,0,0,0,0,0,1,-3,1,1,0,3,0,-7,1,0,0,0,5,4,1
222,0,3,3,-2,-2,0,0,0,1,-1,0,1,0,0,0,0,0,2,-3,1,1,1,2,0,-7,0,0,0,0,4,4,1
223,0,3,3,-1,-2,0,0,-1,1,0,0,1,0,-1,0,0,0,2,-3,1,1,1,2,0,-7,0,0,0,0,0,0,1
224,0,3,3,-1,-1,0,0,0,-1,0,0,-1,0,-1,0,0,0,2,-3,1,1,1,2,0,-7,2,0,0,0,3,3,1
225,0,3,3,-1,-1,0,0,0,-1,0,0,-1,0,-1,0,0,0,2,-3,1,1,1,4,0,-7,0,0,0,0,0,0,1
226,0,3,3,-1,-1,0,0,0,-1,0,0,-1,0,-1,0,0,1,3,-3,0,0,1,4,0,-7,0,0,0,0,3,3,1
227,0,3,3,-1,-1,0,0,0,-1,0,0,0,0,0,-1,0,-1,3,-3,0,0,1,4,0,-7,1,0,0,0,0,0,1
228,0,3,3,-1,-1,0,0,0,0,0,0,-1,0,0,-1,0,-1,3,-2,0,0,-1,4,0,-7,2,0,0,0,5,3,1
229,0,3,3,-1,-1,0,0,0,0,0,0,-1,0,0,-1,0,-1,3,-2,0,1,-1,5,0,-7,0,0,0,0,1,5,1
230,0,3,3,-1,-1,0,0,0,0,0,0,0,-1,0,-1,0,-1,3,-1,0,1,-1,5,-1,-7,0,0,0,0,6,5,1
231,0,3,3,-1,-1,0,0,0,0,0,0,0,-1,0,-1,0,1,4,-1,0,1,-1,3,-1,-7,0,-1,0,0,5,4,1
232,0,3,3,-1,-2,0,0,0,0,0,0,0,-1,0,-1,0,1,4,0,0,1,-1,3,-2,-7,0,0,0,0,6,5,1
233,0,3,3,-1,-2,0,0,0,0,0,0,1,1,0,-1,0,1,2,0,0,1,-1,3,-2,-7,0,-1,0,0,1,2,1
234,0,3,3,-1,-2,0,0,0,0,0,0,1,1,0,-1,0,1,2,0,0,1,-1,3,-2,-7,0,-1,0,0,5,6,1
235,0,3,3,-1,-2,0,0,0,0,0,0,1,2,0,1,0,1,1,0,0,0,-1,3,-2,-7,0,-2,0,0,6,1,1
236,0,3,3,-1,-2,0,-1,0,0,0,0,1,2,0,1,0,1,1,0,0,0,-1,3,-2,-7,0,-1,0,0,4,1,1
237,0,3,3,-1,-2,0,-1,0,0,0,0,1,2,1,1,1,0,0,0,0,0,-1,3,-2,-7,0,-1,0,0,1,6,1
238,0,3,3,0,-3,0,-2,0,0,0,0,1,2,1,1,1,0,0,0,0,0,-1,3,-2,-7,0,0,0,0,6,6,1
239,0,3,3,0,-3,1,-2,1,0,0,0,0,2,0,1,1,0,0,0,0,0,-1,3,-2,-7,0,0,0,0,0,0,1
240,0,3,3,0,-3,1,-2,1,1,1,0,0,2,0,0,0,0,0,0,0,0,-1,3,-2,-7,0,0,0,0,6,3,1
241,0,3,3,0,-1,1,-2,-1,1,1,-1,0,2,0,0,0,0,0,0,0,0,-1,3,-2,-7,1,0,0,0,2,2,1
242,0,3,3,0,-1,1,-2,-1,1,1,-1,0,2,0,0,0,0,0,0,0,0,-1,3,-2,-7,1,0,0,0,0,0,1
243,0,3,3,0,-1,1,-2,-1,1,1,-1,0,2,0,0,0,0,0,0,0,0,-1,3,-2,-7,1,0,0,0,3,2,1
244,0,3,3,0,-1,1,-1,-1,1,-1,-1,0,2,0,0,0,0,0,0,0,0,0,3,-3,-7,2,0,0,0,5,4,1
245,0,3,3,0,-1,1,-1,-1,1,-1,-1,0,2,0,0,0,0,0,0,0,1,1,3,-3,-7,0,0,0,0,6,6,1
246,0,3,3,0,-1,1,-1,0,1,-1,0,0,2,-1,0,0,-1,0,0,0,1,1,3,-3,-7,0,0,0,0,0,0,1
247,0,3,3,0,0,1,-1,0,1,0,-1,0,2,-1,0,-1,-1,0,0,0,1,1,3,-3,-7,0,0,0,0,1,3,1
248,0,3,3,0,0,1,-1,1,0,0,-1,0,2,-1,0,-1,-1,0,1,0,1,0,3,-3,-7,0,0,0,0,4,2,1
249,0,3,3,0,0,1,-1,1,0,0,0,0,2,-1,-1,-1,0,0,-1,0,1,0,3,-3,-7,1,0,0,0,2,4,1
250,0,3,3,0,0,1,-1,1,0,0,1,0,1,-1,-1,-1,0,0,-1,0,1,1,3,-3,-7,0,0,0,0,6,5,1
251,0,3,3,0,0,1,0,1,0,0,1,-1,1,-1,-1,0,0,0,-1,0,1,-1,3,-3,-7,1,0,0,0,6,4,1
252,0,3,3,0,0,1,0,1,1,0,1,-1,0,-1,-1,0,0,0,-1,1,1,-1,3,-3,-7,0,0,0,0,5,5,1
253,0,3,3,0,0,1,0,1,1,0,1,-1,0,-1,0,0,0,0,-1,0,1,-1,3,-3,-8,1,0,0,0,0,0,1
254,0,3,3,0,0,1,0,1,1,0,1,0,0,0,0,0,-1,0,-2,0,1,-1,3,-3,-8,1,0,0,0,2,4,1
255,0,3,3,0,0,1,0,1,2,0,0,0,0,0,0,0,-1,0,-2,0,1,1,3,-3,-8,0,-1,0,0,6,2,1
256,0,3,3,0,0,1,-1,1,2,0,0,0,0,0,0,0,0,0,-3,0,1,1,3,-3,-8,0,0,0,0,6,1,1
257,0,3,4,0,0,1,-1,1,1,0,0,0,0,0,0,0,0,0,-3,0,2,0,3,-3,-8,0,0,0,0,2,4,1
258,0,3,4,0,0,1,0,1,0,0,0,0,-1,0,0,0,0,0,-3,0,2,0,3,-3,-8,1,0,0,0,2,2,1
259,0,3,4,0,0,1,0,1,0,0,0,0,-1,0,0,0,0,0,-3,0,2,0,3,-3,-8,1,0,0,0,0,0,1
260,0,3,4,0,0,1,0,1,0,0,0,0,-1,0,0,0,0,0,-3,0,2,0,3,-3,-8,1,0,0,0,2,5,1
261,0,3,4,0,0,1,0,1,0,0,0,0,0,0,-1,0,0,0,-2,0,2,0,3,-4,-8,1,0,0,0,4,3,1
262,0,4,4,0,0,0,0,1,0,0,0,0,0,0,-1,0,0,0,-2,0,2,0,4,-4,-8,0,0,0,0,3,1,1
263,0,4,4,0,0,0,0,1,0,0,0,0,0,0,0,0,0,0,-3,0,2,0,4,-4,-8,0,0,0,0,2,4,1
264,0,5,4,0,0,0,0,0,0,0,0,0,0,0,0,0,0,0,-3,0,2,0,4,-4,-8,0,0,0,0,6,3,1
265,0,5,4,0,0,0,0,0,0,0,0,0,0,0,0,0,0,0,-1,0,2,-1,4,-4,-9,0,0,0,0,6,5,1
266,0,5,4,0,0,0,0,0,0,0,0,1,0,0,0,0,0,0,-1,0,2,-1,3,-4,-9,0,0,0,0,2,1,1
267,0,5,4,0,0,0,0,0,0,0,0,1,0,0,0,0,0,0,0,-1,2,0,3,-5,-9,0,0,0,0,1,1,1
268,0,5,4,0,0,0,0,0,0,0,0,1,0,0,0,0,0,0,0,1,1,1,2,-5,-9,0,-1,0,0,0,0,1
269,0,5,4,0,0,0,0,0,0,0,1,0,0,0,0,0,0,0,1,0,1,1,2,-5,-9,0,-1,0,0,6,1,1
270,0,5,4,0,0,0,0,-1,0,0,1,0,0,0,0,0,0,0,1,0,1,1,2,-5,-9,0,0,0,0,3,4,1
271,0,5,4,0,0,0,0,1,0,0,0,0,0,0,0,0,0,1,1,0,1,0,2,-5,-9,0,-1,0,0,3,1,1
272,0,5,4,0,-1,0,0,1,0,0,0,0,0,0,0,0,0,1,1,0,1,0,2,-5,-9,0,0,0,0,6,1,1
273,0,5,4,0,-1,0,0,1,0,0,0,0,1,0,0,0,1,0,0,0,1,0,2,-5,-9,0,0,0,0,4,2,1
274,0,5,4,0,0,0,0,1,0,0,-1,0,1,0,0,0,1,0,0,0,1,0,2,-5,-9,0,0,0,0,5,6,1
275,0,5,4,0,0,0,0,1,0,0,1,0,1,0,0,0,0,1,0,0,1,0,1,-5,-9,0,-1,0,0,6,2,1
276,0,5,4,0,0,0,0,1,-1,0,1,0,1,0,0,0,0,1,0,0,1,0,1,-5,-9,0,0,0,0,1,3,1
277,0,5,4,0,0,0,0,1,-1,0,1,0,1,0,0,0,1,1,0,0,0,0,1,-5,-9,0,0,0,0,2,2,1
278,0,5,4,0,0,0,0,1,0,0,0,0,-1,0,0,0,1,1,0,0,0,0,1,-5,-9,2,0,0,0,0,0,1
279,0,5,4,0,0,0,0,1,0,0,0,0,0,0,0,0,-1,1,0,0,0,0,1,-5,-9,3,0,0,0,5,3,1
280,0,5,4,0,0,0,0,1,0,0,0,0,0,0,0,0,-1,1,0,0,1,0,2,-5,-9,1,0,0,0,6,6,1
281,0,5,4,0,0,0,0,1,0,0,0,0,0,0,0,0,-1,1,0,0,1,0,2,-5,-9,1,0,0,0,0,0,1
282,0,5,4,0,0,0,0,1,0,0,0,0,0,0,0,0,-1,1,0,0,1,0,2,-5,-9,1,0,0,0,4,3,1
283,0,5,4,0,0,0,0,1,0,0,0,0,0,1,0,0,-1,0,0,0,1,0,3,-5,-9,0,0,0,0,1,4,1
284,0,5,4,0,0,0,0,1,0,0,0,0,0,1,0,0,0,0,0,0,-1,0,3,-5,-8,1,0,0,-1,5,4,1
285,0,5,4,0,0,0,0,1,0,0,0,0,0,1,0,0,1,0,0,0,0,0,3,-5,-8,0,-1,0,-1,6,5,1
286,0,5,4,0,0,0,0,1,0,0,0,-1,0,1,0,0,1,0,0,0,0,0,3,-5,-8,0,0,0,-1,2,4,1
287,0,5,4,0,0,0,0,1,0,0,0,-1,0,1,1,0,0,0,1,0,0,0,2,-5,-8,0,0,0,-1,1,4,1
288,0,5,4,0,0,0,0,1,0,0,0,0,0,1,1,0,-1,0,1,0,0,0,2,-5,-8,0,0,0,-1,3,4,1
289,0,5,4,0,0,0,0,1,0,0,0,1,0,1,0,0,-1,0,2,0,0,0,1,-5,-8,0,0,0,-1,3,2,1
290,0,5,4,0,0,0,0,1,0,0,0,1,0,1,0,0,0,0,2,0,0,-1,1,-5,-8,0,0,0,-1,3,4,1
291,0,5,4,0,0,0,0,1,0,0,0,1,0,1,0,1,0,0,2,0,0,-1,0,-5,-8,0,0,0,-1,3,4,1
292,0,5,4,0,0,0,0,1,0,0,0,1,0,1,0,1,0,0,2,0,0,0,0,-4,-8,0,0,0,-3,5,3,1
293,0,5,4,0,0,0,0,2,0,0,0,1,0,1,0,0,0,0,2,0,0,0,0,-4,-8,0,0,0,-3,1,6,1
294,0,5,4,0,0,0,0,2,0,0,0,1,0,1,0,0,0,0,2,0,0,0,0,-3,-7,0,0,0,-5,6,2,1
295,0,5,4,0,0,0,0,2,0,0,0,2,1,0,0,0,0,0,1,0,0,0,0,-3,-7,0,0,0,-5,2,1,1
296,0,5,4,0,0,0,0,2,0,0,0,2,1,0,0,0,0,0,1,0,0,0,0,-2,-6,0,0,0,-7,3,6,1
297,0,5,4,0,0,1,0,2,1,0,0,0,1,0,0,0,0,0,1,0,0,0,0,-2,-6,0,0,0,-7,6,6,1
298,0,5,4,0,0,1,0,2,1,0,0,0,1,0,0,0,0,0,1,0,0,0,0,0,-6,0,0,0,-9,0,0,1
299,0,5,4,0,0,1,0,2,1,0,0,0,1,0,0,0,0,0,1,0,0,0,0,0,-4,0,0,0,-11,6,6,1
300,0,6,5,0,0,1,0,1,0,0,0,0,1,0,0,0,0,1,0,0,0,0,0,-4,0,0,0,0,-11,0,0,1
301,0,7,5,0,0,1,1,0,0,0,0,0,0,0,0,0,0,0,1,0,0,0,0,0,-4,0,0,0,-11,6,6,1
302,0,7,5,0,0,1,1,0,0,0,0,0,0,0,0,0,0,0,1,0,0,0,0,0,-2,0,0,0,-13,0,0,1
303,0,7,5,0,0,1,1,0,0,0,0,0,0,0,0,0,0,0,1,0,0,0,0,0,0,0,0,0,-15,0,0,1
